Release,published_at
Release - 2.0.8,2025-01-28T16:28:48Z
Release - 2.0.7,2024-10-27T12:40:56Z
Release - 2.0.6,2024-10-08T22:24:49Z
Release - 2.0.5,2024-08-27T21:10:43Z
Release - 2.0.4,2024-08-26T14:18:35Z
Release - 2.0.3,2024-08-05T09:54:42Z
Release - 2.0.2,2024-07-17T12:09:46Z
Release - 2.0.1,2024-07-10T09:36:48Z
Release - 2.0.0,2024-07-05T22:57:43Z
Release - 1.0.10,2024-04-19T11:21:23Z
Release - 1.0.9,2024-04-18T09:01:49Z
Release - 1.0.8,2024-02-16T11:49:14Z
Release - 1.0.7,2024-01-18T22:24:40Z
Release - 1.0.6,2024-01-10T23:19:04Z
Release - 1.0.5,2023-12-20T12:19:20Z
Release - 1.0.4,2023-12-12T11:39:40Z
Release - 1.0.3,2023-10-31T14:09:58Z
Release - 1.0.2,2023-10-30T17:05:47Z
Release - 1.0.1,2023-09-28T21:50:32Z
Release - 1.0.0,2023-09-26T13:54:38Z
Release - 0.4.54,2023-09-02T11:09:14Z
Release - 0.4.53,2023-08-22T22:33:21Z
Release - 0.4.52,2023-07-09T14:51:59Z
Release - 0.4.51,2023-06-09T14:50:25Z
Release - 0.4.50,2023-05-13T12:11:43Z
Release - 0.4.49,2023-04-24T07:54:11Z
Release - 0.4.48,2023-04-19T14:27:53Z
Release - 0.4.47,2023-04-02T22:13:25Z
Release - 0.4.46,2023-03-24T22:54:25Z
Release - 0.4.45,2023-03-24T10:34:02Z
Release - 0.4.44,2023-03-20T11:00:26Z
Release - 0.4.43,2023-03-19T17:58:50Z
Release - 0.4.41,2023-03-05T23:03:25Z
Release - 0.4.40,2023-02-17T16:46:42Z
Release - 0.4.38,2023-02-13T21:58:40Z
Release - 0.4.37,2023-02-08T11:09:31Z
Release - 0.4.36,2023-01-30T21:46:17Z
Release - 0.4.35,2023-01-20T21:51:47Z
Release - 0.4.34,2023-01-15T10:21:49Z
Release - 0.4.33,2023-01-05T22:46:54Z
Release - 0.4.30,2022-12-27T23:36:41Z
Release - 0.4.27,2022-12-16T15:45:08Z
Release - 0.4.26,2022-12-12T20:03:27Z
Release - 0.4.23,2022-11-24T22:57:54Z
Release - 0.4.20,2022-11-14T10:15:34Z
Release - 0.4.19,2022-11-02T09:08:20Z
Release - 0.4.15,2022-10-24T18:20:52Z
Release - 0.4.13,2022-10-17T19:03:18Z
Release - 0.4.10,2022-09-13T17:35:07Z
Release - 0.4.9,2022-09-08T09:04:40Z
Release - 0.4.8,2022-09-05T16:27:24Z
Release - 0.4.6,2022-08-28T08:15:35Z
Release - 0.4.5,2022-06-14T20:54:20Z
Release - 0.4.4,2022-06-14T20:54:18Z
Release - 0.4.3,2021-11-23T19:28:18Z
Release - 0.4.2,2021-11-23T19:28:09Z
Release - 0.4.1,2021-10-17T20:55:55Z
Release - 0.4.0b16,2021-09-16T20:30:00Z
Release - 0.4.0b17,2021-09-16T20:29:35Z
Release - 0.4.0b15,2021-09-13T06:28:05Z
Release - 0.4.0b14,2021-09-10T06:29:27Z
Release - 0.4.0b13,2021-08-12T22:10:50Z
Release - 0.4.0b12,2021-07-14T20:52:46Z
Release - 0.4.0b11,2021-07-11T22:39:53Z
Release - 0.4.0b10,2021-06-05T09:36:20Z
Release - 0.4.0b9,2021-06-01T22:13:31Z
Release - 0.4.0b8,2021-04-09T16:40:30Z
Beta - 0.4.0-4,2021-02-16T21:55:59Z
Beta - 0.4.0-3,2021-02-09T21:23:55Z
Stable - 0.3.9,2020-04-24T22:20:42Z
Beta - 0.3.8,2019-12-28T11:08:00Z
Beta - 0.3.7,2019-09-01T21:11:17Z
Beta - 0.3.6,2019-07-15T21:13:43Z
Beta - 0.3.5,2019-05-29T18:19:25Z
Beta - 0.3.4,2019-05-12T22:14:16Z
Beta - 0.3.3,2019-04-18T21:21:12Z
Beta - 0.3.2,2019-03-10T19:59:52Z
Beta - 0.3.1,2019-01-29T22:09:51Z
Beta - 0.3.0,2019-01-29T20:19:02Z
Beta - 0.2.4,2019-01-07T23:03:41Z
Beta - 0.2.3,2018-11-17T16:03:01Z
Beta - 0.2.2,2018-10-04T18:52:44Z
Open Beta - 0.2.1,2018-09-25T18:59:21Z
Open Beta - 0.2.0,2018-09-05T23:11:40Z
Beta - 0.1.7,2018-08-14T22:22:02Z
Beta - 0.1.6,2018-07-30T20:04:03Z
Beta - 0.1.5_3,2018-07-26T21:54:34Z
Beta - 0.1.5_2,2018-07-24T21:55:40Z
Alpha - 0.0.4,2018-07-17T22:24:17Z
Alpha - 0.0.7,2018-07-17T22:23:56Z
Alpha - 0.0.8,2018-07-17T22:23:36Z
Alpha - 0.0.9,2018-07-17T22:23:18Z
Alpha - 0.0.10,2018-07-17T22:22:45Z
Alpha - 0.0.11,2018-07-17T22:22:16Z
Beta - 0.1.2_4,2018-07-17T22:21:25Z
Beta - 0.1.5_1,2018-07-17T21:07:19Z
Beta - 0.1.5,2018-07-16T20:31:02Z
Beta - 0.1.4_3,2018-07-03T21:08:46Z
Beta - 0.1.4_2,2018-07-02T22:04:24Z
Beta - 0.1.4_1,2018-07-01T21:44:47Z
Beta - 0.1.4,2018-07-01T08:10:57Z
Beta - 0.1.3_2,2018-06-27T21:46:23Z
Beta - 0.1.3_1,2018-06-25T21:56:43Z
Beta - 0.1.3,2018-06-22T22:05:34Z
Beta - 0.1.2_3,2018-06-20T22:17:22Z
Beta - 0.1.2_2,2018-06-19T23:00:29Z
Beta - 0.1.2_1,2018-06-18T07:00:43Z
Beta - 0.1.2,2018-06-18T06:59:59Z
Beta - 0.1.0_2,2018-06-03T21:25:30Z
Beta - 0.1.0_1,2018-06-02T11:15:41Z
Beta - 0.1.0,2018-06-01T19:24:22Z
Alpha - 0.0.12,2018-05-26T12:53:43Z
